date_operation,libelle,montant,solde_avt_ope,categ,type,tranche_depense,sens,annee,mois,jour,jour_sem,jour_sem_num,weekend,quart_mois
2023-03-31,DON,-1.44,1515.2499999999982,AUTRE,DON,petite,debit,2023,3,31,<bound method Timestamp.day_name of Timestamp('2023-03-31 00:00:00')>,5,False,4
2023-04-03,CARTE   RAPT,-24.0,1513.8099999999981,TRANSPORT,CARTE,petite,debit,2023,4,3,<bound method Timestamp.day_name of Timestamp('2023-04-03 00:00:00')>,1,False,1
2023-04-03,CARTE   RAPT,-73.0,1489.8099999999981,TRANSPORT,CARTE,petite,debit,2023,4,3,<bound method Timestamp.day_name of Timestamp('2023-04-03 00:00:00')>,1,False,1
2023-04-03,CARTE,-14.39,1416.8099999999981,AUTRE,CARTE,petite,debit,2023,4,3,<bound method Timestamp.day_name of Timestamp('2023-04-03 00:00:00')>,1,False,1
2023-04-03,VIREMENT,4.8,1402.419999999998,AUTRE,VIREMENT,(pas une dépense),credit,2023,4,3,<bound method Timestamp.day_name of Timestamp('2023-04-03 00:00:00')>,1,False,1
2023-04-03,VIREMENT,676.0,1407.219999999998,AUTRE,VIREMENT,(pas une dépense),credit,2023,4,3,<bound method Timestamp.day_name of Timestamp('2023-04-03 00:00:00')>,1,False,1
2023-04-05,PRELEVEMENT  TELEPHONE,-7.02,2083.219999999998,FACTURE TELEPHONE,AUTRE,petite,debit,2023,4,5,<bound method Timestamp.day_name of Timestamp('2023-04-05 00:00:00')>,3,False,1
2023-04-05,CARTE,-15.2,2076.199999999998,AUTRE,CARTE,petite,debit,2023,4,5,<bound method Timestamp.day_name of Timestamp('2023-04-05 00:00:00')>,3,False,1
2023-04-05,CARTE   LES ANCIENS ROBINSON,-6.8,2060.999999999998,COURSES,CARTE,petite,debit,2023,4,5,<bound method Timestamp.day_name of Timestamp('2023-04-05 00:00:00')>,3,False,1
2023-04-05,CARTE,-12.0,2054.199999999998,AUTRE,CARTE,petite,debit,2023,4,5,<bound method Timestamp.day_name of Timestamp('2023-04-05 00:00:00')>,3,False,1
2023-04-06,FORFAIT COMPTE SUPERBANK,-1.84,2042.199999999998,COTISATION BANCAIRE,AUTRE,petite,debit,2023,4,6,<bound method Timestamp.day_name of Timestamp('2023-04-06 00:00:00')>,4,False,1
2023-04-07,VIREMENT,992.8,2040.359999999998,AUTRE,VIREMENT,(pas une dépense),credit,2023,4,7,<bound method Timestamp.day_name of Timestamp('2023-04-07 00:00:00')>,5,False,1
2023-04-10,CARTE   VELOC,-2.7,3033.159999999998,TRANSPORT,CARTE,petite,debit,2023,4,10,<bound method Timestamp.day_name of Timestamp('2023-04-10 00:00:00')>,1,False,2
2023-04-10,CARTE   LES ANCIENS ROBINSON,-42.42,3030.4599999999978,COURSES,CARTE,petite,debit,2023,4,10,<bound method Timestamp.day_name of Timestamp('2023-04-10 00:00:00')>,1,False,2
2023-04-10,CARTE,-1.6,2988.0399999999977,AUTRE,CARTE,petite,debit,2023,4,10,<bound method Timestamp.day_name of Timestamp('2023-04-10 00:00:00')>,1,False,2
2023-04-10,CARTE,-20.64,2986.439999999998,AUTRE,CARTE,petite,debit,2023,4,10,<bound method Timestamp.day_name of Timestamp('2023-04-10 00:00:00')>,1,False,2
2023-04-10,CARTE,-6.0,2965.799999999998,AUTRE,CARTE,petite,debit,2023,4,10,<bound method Timestamp.day_name of Timestamp('2023-04-10 00:00:00')>,1,False,2
2023-04-10,CARTE   CHEZ LUC,-12.42,2959.799999999998,RESTAURANT,CARTE,petite,debit,2023,4,10,<bound method Timestamp.day_name of Timestamp('2023-04-10 00:00:00')>,1,False,2
2023-04-10,CARTE,-84.4,2947.379999999998,AUTRE,CARTE,moyenne,debit,2023,4,10,<bound method Timestamp.day_name of Timestamp('2023-04-10 00:00:00')>,1,False,2
2023-04-10,VIREMENT,1.6,2862.9799999999977,AUTRE,VIREMENT,(pas une dépense),credit,2023,4,10,<bound method Timestamp.day_name of Timestamp('2023-04-10 00:00:00')>,1,False,2
2023-04-10,CARTE,-24.0,2864.5799999999977,AUTRE,CARTE,petite,debit,2023,4,10,<bound method Timestamp.day_name of Timestamp('2023-04-10 00:00:00')>,1,False,2
2023-04-11,VIREMENT,836.0,2840.5799999999977,AUTRE,VIREMENT,(pas une dépense),credit,2023,4,11,<bound method Timestamp.day_name of Timestamp('2023-04-11 00:00:00')>,2,False,2
2023-04-11,CARTE,-7.56,3676.5799999999977,AUTRE,CARTE,petite,debit,2023,4,11,<bound method Timestamp.day_name of Timestamp('2023-04-11 00:00:00')>,2,False,2
2023-04-11,VIREMENT,869.44,3669.0199999999977,AUTRE,VIREMENT,(pas une dépense),credit,2023,4,11,<bound method Timestamp.day_name of Timestamp('2023-04-11 00:00:00')>,2,False,2
2023-04-11,CARTE,-48.0,4538.459999999997,AUTRE,CARTE,petite,debit,2023,4,11,<bound method Timestamp.day_name of Timestamp('2023-04-11 00:00:00')>,2,False,2
2023-04-12,CARTE,-28.96,4490.459999999997,AUTRE,CARTE,petite,debit,2023,4,12,<bound method Timestamp.day_name of Timestamp('2023-04-12 00:00:00')>,3,False,2
2023-04-13,,-280.0,4461.499999999998,AUTRE,AUTRE,grosse,debit,2023,4,13,<bound method Timestamp.day_name of Timestamp('2023-04-13 00:00:00')>,4,False,2
2023-04-14,CARTE,-0.8,4181.499999999998,AUTRE,CARTE,petite,debit,2023,4,14,<bound method Timestamp.day_name of Timestamp('2023-04-14 00:00:00')>,5,False,2
2023-04-14,CARTE   CHEZ LUC,-8.8,4180.699999999997,RESTAURANT,CARTE,petite,debit,2023,4,14,<bound method Timestamp.day_name of Timestamp('2023-04-14 00:00:00')>,5,False,2
2023-04-14,CARTE,-1.6,4171.899999999998,AUTRE,CARTE,petite,debit,2023,4,14,<bound method Timestamp.day_name of Timestamp('2023-04-14 00:00:00')>,5,False,2
2023-04-15,VIREMENT PERMANENT LOYER,-345.0,4170.299999999997,LOYER,VIREMENT,grosse,debit,2023,4,15,<bound method Timestamp.day_name of Timestamp('2023-04-15 00:00:00')>,6,False,2
2023-04-18,CARTE   VELOC,-1.7,3825.2999999999975,TRANSPORT,CARTE,petite,debit,2023,4,18,<bound method Timestamp.day_name of Timestamp('2023-04-18 00:00:00')>,2,False,3
2023-04-18,RETRAIT,-24.0,3823.5999999999976,AUTRE,RETRAIT,petite,debit,2023,4,18,<bound method Timestamp.day_name of Timestamp('2023-04-18 00:00:00')>,2,False,3
2023-04-18,CARTE,-8.72,3799.5999999999976,AUTRE,CARTE,petite,debit,2023,4,18,<bound method Timestamp.day_name of Timestamp('2023-04-18 00:00:00')>,2,False,3
2023-04-18,CARTE,-10.32,3790.879999999998,AUTRE,CARTE,petite,debit,2023,4,18,<bound method Timestamp.day_name of Timestamp('2023-04-18 00:00:00')>,2,False,3
2023-04-18,VIREMENT,1.6,3780.5599999999977,AUTRE,VIREMENT,(pas une dépense),credit,2023,4,18,<bound method Timestamp.day_name of Timestamp('2023-04-18 00:00:00')>,2,False,3
2023-04-18,CARTE,-74.58,3782.1599999999976,AUTRE,CARTE,petite,debit,2023,4,18,<bound method Timestamp.day_name of Timestamp('2023-04-18 00:00:00')>,2,False,3
2023-04-19,CARTE,-13.6,3707.5799999999977,AUTRE,CARTE,petite,debit,2023,4,19,<bound method Timestamp.day_name of Timestamp('2023-04-19 00:00:00')>,3,False,3
2023-04-20,CARTE,-7.2,3693.9799999999977,AUTRE,CARTE,petite,debit,2023,4,20,<bound method Timestamp.day_name of Timestamp('2023-04-20 00:00:00')>,4,False,3
2023-04-21,CARTE   L'EPICERIE DEMBAS,-10.43,3686.779999999998,AUTRE,CARTE,petite,debit,2023,4,21,<bound method Timestamp.day_name of Timestamp('2023-04-21 00:00:00')>,5,False,3
2023-04-24,CARTE,-7.84,3676.349999999998,AUTRE,CARTE,petite,debit,2023,4,24,<bound method Timestamp.day_name of Timestamp('2023-04-24 00:00:00')>,1,False,3
2023-04-24,CARTE,-11.64,3668.509999999998,AUTRE,CARTE,petite,debit,2023,4,24,<bound method Timestamp.day_name of Timestamp('2023-04-24 00:00:00')>,1,False,3
2023-04-24,CARTE   CHEZ LUC,-9.2,3656.869999999998,RESTAURANT,CARTE,petite,debit,2023,4,24,<bound method Timestamp.day_name of Timestamp('2023-04-24 00:00:00')>,1,False,3
2023-04-25,CARTE   LES ANCIENS ROBINSON,-32.67,3647.6699999999983,COURSES,CARTE,petite,debit,2023,4,25,<bound method Timestamp.day_name of Timestamp('2023-04-25 00:00:00')>,2,False,4
2023-04-26,CARTE,-10.0,3614.999999999998,AUTRE,CARTE,petite,debit,2023,4,26,<bound method Timestamp.day_name of Timestamp('2023-04-26 00:00:00')>,3,False,4
2023-04-26,CARTE   LA LOUVE,-1.9,3604.999999999998,COURSES,CARTE,petite,debit,2023,4,26,<bound method Timestamp.day_name of Timestamp('2023-04-26 00:00:00')>,3,False,4
2023-04-28,DON,-1.4,3603.099999999998,AUTRE,DON,petite,debit,2023,4,28,<bound method Timestamp.day_name of Timestamp('2023-04-28 00:00:00')>,5,False,4
2023-04-28,CARTE   LES ANCIENS ROBINSON,-9.11,3601.699999999998,COURSES,CARTE,petite,debit,2023,4,28,<bound method Timestamp.day_name of Timestamp('2023-04-28 00:00:00')>,5,False,4
2023-04-30,VIREMENT,-36.0,3592.589999999998,AUTRE,VIREMENT,petite,debit,2023,4,30,<bound method Timestamp.day_name of Timestamp('2023-04-30 00:00:00')>,7,False,4
2023-05-02,RETRAIT,-32.0,3556.589999999998,AUTRE,RETRAIT,petite,debit,2023,5,2,<bound method Timestamp.day_name of Timestamp('2023-05-02 00:00:00')>,2,False,1
2023-05-02,CARTE,-10.4,3524.589999999998,AUTRE,CARTE,petite,debit,2023,5,2,<bound method Timestamp.day_name of Timestamp('2023-05-02 00:00:00')>,2,False,1
2023-05-02,CARTE,-8.48,3514.189999999998,AUTRE,CARTE,petite,debit,2023,5,2,<bound method Timestamp.day_name of Timestamp('2023-05-02 00:00:00')>,2,False,1
2023-05-02,VIREMENT,47.2,3505.7099999999978,AUTRE,VIREMENT,(pas une dépense),credit,2023,5,2,<bound method Timestamp.day_name of Timestamp('2023-05-02 00:00:00')>,2,False,1
2023-05-02,CARTE   TOUPTIPRI,-12.24,3552.9099999999976,COURSES,CARTE,petite,debit,2023,5,2,<bound method Timestamp.day_name of Timestamp('2023-05-02 00:00:00')>,2,False,1
2023-05-02,CARTE,-16.7,3540.669999999998,AUTRE,CARTE,petite,debit,2023,5,2,<bound method Timestamp.day_name of Timestamp('2023-05-02 00:00:00')>,2,False,1
2023-05-03,CARTE,-14.39,3523.9699999999975,AUTRE,CARTE,petite,debit,2023,5,3,<bound method Timestamp.day_name of Timestamp('2023-05-03 00:00:00')>,3,False,1
2023-05-03,CARTE   RAPT,-73.0,3509.5799999999977,TRANSPORT,CARTE,petite,debit,2023,5,3,<bound method Timestamp.day_name of Timestamp('2023-05-03 00:00:00')>,3,False,1
2023-05-04,VIREMENT,676.0,3436.5799999999977,AUTRE,VIREMENT,(pas une dépense),credit,2023,5,4,<bound method Timestamp.day_name of Timestamp('2023-05-04 00:00:00')>,4,False,1
2023-05-04,CARTE   LES ANCIENS ROBINSON,-17.16,4112.579999999998,COURSES,CARTE,petite,debit,2023,5,4,<bound method Timestamp.day_name of Timestamp('2023-05-04 00:00:00')>,4,False,1
2023-05-05,CARTE   TOUPTIPRI,-3.48,4095.419999999998,COURSES,CARTE,petite,debit,2023,5,5,<bound method Timestamp.day_name of Timestamp('2023-05-05 00:00:00')>,5,False,1
2023-05-06,FORFAIT COMPTE SUPERBANK,-1.84,4091.939999999998,COTISATION BANCAIRE,AUTRE,petite,debit,2023,5,6,<bound method Timestamp.day_name of Timestamp('2023-05-06 00:00:00')>,6,False,1
2023-05-09,CARTE,-1.44,4090.0999999999976,AUTRE,CARTE,petite,debit,2023,5,9,<bound method Timestamp.day_name of Timestamp('2023-05-09 00:00:00')>,2,False,2
2023-05-09,CARTE,-1.12,4088.6599999999976,AUTRE,CARTE,petite,debit,2023,5,9,<bound method Timestamp.day_name of Timestamp('2023-05-09 00:00:00')>,2,False,2
2023-05-09,CARTE,-1.6,4087.5399999999977,AUTRE,CARTE,petite,debit,2023,5,9,<bound method Timestamp.day_name of Timestamp('2023-05-09 00:00:00')>,2,False,2
2023-05-09,PRELEVEMENT  TELEPHONE,-7.02,4085.939999999998,FACTURE TELEPHONE,AUTRE,petite,debit,2023,5,9,<bound method Timestamp.day_name of Timestamp('2023-05-09 00:00:00')>,2,False,2
2023-05-09,CARTE,-32.0,4078.919999999998,AUTRE,CARTE,petite,debit,2023,5,9,<bound method Timestamp.day_name of Timestamp('2023-05-09 00:00:00')>,2,False,2
2023-05-10,CARTE   LES ANCIENS ROBINSON,-42.45,4046.919999999998,COURSES,CARTE,petite,debit,2023,5,10,<bound method Timestamp.day_name of Timestamp('2023-05-10 00:00:00')>,3,False,2
2023-05-10,CARTE   CHEZ LUC,-9.6,4004.469999999998,RESTAURANT,CARTE,petite,debit,2023,5,10,<bound method Timestamp.day_name of Timestamp('2023-05-10 00:00:00')>,3,False,2
2023-05-11,CARTE,-1.6,3994.869999999998,AUTRE,CARTE,petite,debit,2023,5,11,<bound method Timestamp.day_name of Timestamp('2023-05-11 00:00:00')>,4,False,2
2023-05-12,CARTE,-5.6,3993.269999999998,AUTRE,CARTE,petite,debit,2023,5,12,<bound method Timestamp.day_name of Timestamp('2023-05-12 00:00:00')>,5,False,2
2023-05-15,VIREMENT PERMANENT LOYER,-345.0,3987.6699999999983,LOYER,VIREMENT,grosse,debit,2023,5,15,<bound method Timestamp.day_name of Timestamp('2023-05-15 00:00:00')>,1,False,2
2023-05-15,CARTE   LES ANCIENS ROBINSON,-33.55,3642.6699999999983,COURSES,CARTE,petite,debit,2023,5,15,<bound method Timestamp.day_name of Timestamp('2023-05-15 00:00:00')>,1,False,2
2023-05-15,CARTE,-8.0,3609.119999999998,AUTRE,CARTE,petite,debit,2023,5,15,<bound method Timestamp.day_name of Timestamp('2023-05-15 00:00:00')>,1,False,2
2023-05-15,CARTE   TOUPTIPRI,-12.96,3601.119999999998,COURSES,CARTE,petite,debit,2023,5,15,<bound method Timestamp.day_name of Timestamp('2023-05-15 00:00:00')>,1,False,2
2023-05-15,CARTE   CHEZ LUC,-11.0,3588.159999999998,RESTAURANT,CARTE,petite,debit,2023,5,15,<bound method Timestamp.day_name of Timestamp('2023-05-15 00:00:00')>,1,False,2
2023-05-18,CARTE,-1.6,3577.159999999998,AUTRE,CARTE,petite,debit,2023,5,18,<bound method Timestamp.day_name of Timestamp('2023-05-18 00:00:00')>,4,False,3
2023-05-19,CARTE,-12.0,3575.559999999998,AUTRE,CARTE,petite,debit,2023,5,19,<bound method Timestamp.day_name of Timestamp('2023-05-19 00:00:00')>,5,False,3
2023-05-22,CARTE   CHEZ LUC,-11.4,3563.559999999998,RESTAURANT,CARTE,petite,debit,2023,5,22,<bound method Timestamp.day_name of Timestamp('2023-05-22 00:00:00')>,1,False,3
2023-05-22,RETRAIT,-32.0,3552.159999999998,AUTRE,RETRAIT,petite,debit,2023,5,22,<bound method Timestamp.day_name of Timestamp('2023-05-22 00:00:00')>,1,False,3
2023-05-22,CARTE,-9.72,3520.159999999998,AUTRE,CARTE,petite,debit,2023,5,22,<bound method Timestamp.day_name of Timestamp('2023-05-22 00:00:00')>,1,False,3
2023-05-22,VIREMENT,936.32,3510.439999999998,AUTRE,VIREMENT,(pas une dépense),credit,2023,5,22,<bound method Timestamp.day_name of Timestamp('2023-05-22 00:00:00')>,1,False,3
2023-05-22,CARTE,-2.4,4446.759999999998,AUTRE,CARTE,petite,debit,2023,5,22,<bound method Timestamp.day_name of Timestamp('2023-05-22 00:00:00')>,1,False,3
2023-05-22,CARTE   LA CCNCF,-138.24,4444.359999999998,TRANSPORT,CARTE,moyenne,debit,2023,5,22,<bound method Timestamp.day_name of Timestamp('2023-05-22 00:00:00')>,1,False,3
2023-05-23,CARTE,-3.2,4306.119999999998,AUTRE,CARTE,petite,debit,2023,5,23,<bound method Timestamp.day_name of Timestamp('2023-05-23 00:00:00')>,2,False,3
2023-05-23,CARTE   LES ANCIENS ROBINSON,-4.41,4302.919999999998,COURSES,CARTE,petite,debit,2023,5,23,<bound method Timestamp.day_name of Timestamp('2023-05-23 00:00:00')>,2,False,3
2023-05-24,CARTE   L'EPICERIE DEMBAS,-15.81,4298.509999999998,AUTRE,CARTE,petite,debit,2023,5,24,<bound method Timestamp.day_name of Timestamp('2023-05-24 00:00:00')>,3,False,3
2023-05-24,CARTE,-7.84,4282.699999999999,AUTRE,CARTE,petite,debit,2023,5,24,<bound method Timestamp.day_name of Timestamp('2023-05-24 00:00:00')>,3,False,3
2023-05-29,CARTE   LES ANCIENS ROBINSON,-22.59,4274.859999999999,COURSES,CARTE,petite,debit,2023,5,29,<bound method Timestamp.day_name of Timestamp('2023-05-29 00:00:00')>,1,False,4
2023-05-29,CARTE,-14.16,4252.269999999999,AUTRE,CARTE,petite,debit,2023,5,29,<bound method Timestamp.day_name of Timestamp('2023-05-29 00:00:00')>,1,False,4
2023-05-29,RETRAIT,-48.0,4238.109999999999,AUTRE,RETRAIT,petite,debit,2023,5,29,<bound method Timestamp.day_name of Timestamp('2023-05-29 00:00:00')>,1,False,4
2023-05-31,VIREMENT,-36.0,4190.109999999999,AUTRE,VIREMENT,petite,debit,2023,5,31,<bound method Timestamp.day_name of Timestamp('2023-05-31 00:00:00')>,3,False,4
2023-05-31,DON,-1.44,4154.109999999999,AUTRE,DON,petite,debit,2023,5,31,<bound method Timestamp.day_name of Timestamp('2023-05-31 00:00:00')>,3,False,4
2023-05-31,CARTE   LES ANCIENS ROBINSON,-6.89,4152.669999999998,COURSES,CARTE,petite,debit,2023,5,31,<bound method Timestamp.day_name of Timestamp('2023-05-31 00:00:00')>,3,False,4
2023-05-31,CARTE   CHEZ LUC,-7.74,4145.779999999999,RESTAURANT,CARTE,petite,debit,2023,5,31,<bound method Timestamp.day_name of Timestamp('2023-05-31 00:00:00')>,3,False,4
2023-06-02,CARTE   RAPT,-73.0,4138.039999999999,TRANSPORT,CARTE,petite,debit,2023,6,2,<bound method Timestamp.day_name of Timestamp('2023-06-02 00:00:00')>,5,False,1
2023-06-06,CARTE,-5.1,4065.0399999999986,AUTRE,CARTE,petite,debit,2023,6,6,<bound method Timestamp.day_name of Timestamp('2023-06-06 00:00:00')>,2,False,1
2023-06-06,CARTE,-14.39,4059.9399999999987,AUTRE,CARTE,petite,debit,2023,6,6,<bound method Timestamp.day_name of Timestamp('2023-06-06 00:00:00')>,2,False,1
2023-06-06,FORFAIT COMPTE SUPERBANK,-1.84,4045.549999999999,COTISATION BANCAIRE,AUTRE,petite,debit,2023,6,6,<bound method Timestamp.day_name of Timestamp('2023-06-06 00:00:00')>,2,False,1
2023-06-06,VIREMENT,676.0,4043.7099999999987,AUTRE,VIREMENT,(pas une dépense),credit,2023,6,6,<bound method Timestamp.day_name of Timestamp('2023-06-06 00:00:00')>,2,False,1
2023-06-06,CARTE,-20.4,4719.709999999999,AUTRE,CARTE,petite,debit,2023,6,6,<bound method Timestamp.day_name of Timestamp('2023-06-06 00:00:00')>,2,False,1
2023-06-06,CARTE,-10.4,4699.309999999999,AUTRE,CARTE,petite,debit,2023,6,6,<bound method Timestamp.day_name of Timestamp('2023-06-06 00:00:00')>,2,False,1
2023-06-07,PRELEVEMENT  TELEPHONE,-6.38,4688.909999999998,FACTURE TELEPHONE,AUTRE,petite,debit,2023,6,7,<bound method Timestamp.day_name of Timestamp('2023-06-07 00:00:00')>,3,False,1
2023-06-12,CARTE   LES ANCIENS ROBINSON,-4.63,4682.529999999999,COURSES,CARTE,petite,debit,2023,6,12,<bound method Timestamp.day_name of Timestamp('2023-06-12 00:00:00')>,1,False,2
2023-06-12,CARTE   TOUPTIPRI,-5.88,4677.899999999998,COURSES,CARTE,petite,debit,2023,6,12,<bound method Timestamp.day_name of Timestamp('2023-06-12 00:00:00')>,1,False,2
2023-06-12,CARTE   TOUPTIPRI,-2.51,4672.019999999999,COURSES,CARTE,petite,debit,2023,6,12,<bound method Timestamp.day_name of Timestamp('2023-06-12 00:00:00')>,1,False,2
2023-06-12,CARTE   LES ANCIENS ROBINSON,-26.58,4669.509999999998,COURSES,CARTE,petite,debit,2023,6,12,<bound method Timestamp.day_name of Timestamp('2023-06-12 00:00:00')>,1,False,2
2023-06-12,CARTE   CHEZ LUC,-9.2,4642.9299999999985,RESTAURANT,CARTE,petite,debit,2023,6,12,<bound method Timestamp.day_name of Timestamp('2023-06-12 00:00:00')>,1,False,2
2023-06-12,CARTE,-2.32,4633.729999999998,AUTRE,CARTE,petite,debit,2023,6,12,<bound method Timestamp.day_name of Timestamp('2023-06-12 00:00:00')>,1,False,2
2023-06-13,CARTE,-7.99,4631.409999999998,AUTRE,CARTE,petite,debit,2023,6,13,<bound method Timestamp.day_name of Timestamp('2023-06-13 00:00:00')>,2,False,2
2023-06-15,VIREMENT PERMANENT LOYER,-345.0,4623.419999999998,LOYER,VIREMENT,grosse,debit,2023,6,15,<bound method Timestamp.day_name of Timestamp('2023-06-15 00:00:00')>,4,False,2
2023-06-15,CARTE,-15.99,4278.419999999998,AUTRE,CARTE,petite,debit,2023,6,15,<bound method Timestamp.day_name of Timestamp('2023-06-15 00:00:00')>,4,False,2
2023-06-15,CARTE,-19.2,4262.4299999999985,AUTRE,CARTE,petite,debit,2023,6,15,<bound method Timestamp.day_name of Timestamp('2023-06-15 00:00:00')>,4,False,2
2023-06-16,CARTE   LES ANCIENS ROBINSON,-4.39,4243.229999999999,COURSES,CARTE,petite,debit,2023,6,16,<bound method Timestamp.day_name of Timestamp('2023-06-16 00:00:00')>,5,False,2
2023-06-16,CARTE,-8.0,4238.839999999998,AUTRE,CARTE,petite,debit,2023,6,16,<bound method Timestamp.day_name of Timestamp('2023-06-16 00:00:00')>,5,False,2
2023-06-19,CARTE,-2.4,4230.839999999998,AUTRE,CARTE,petite,debit,2023,6,19,<bound method Timestamp.day_name of Timestamp('2023-06-19 00:00:00')>,1,False,3
2023-06-19,CARTE,-10.2,4228.439999999999,AUTRE,CARTE,petite,debit,2023,6,19,<bound method Timestamp.day_name of Timestamp('2023-06-19 00:00:00')>,1,False,3
2023-06-19,CARTE   LA LOUVE,-18.45,4218.239999999999,COURSES,CARTE,petite,debit,2023,6,19,<bound method Timestamp.day_name of Timestamp('2023-06-19 00:00:00')>,1,False,3
2023-06-19,CARTE   LES ANCIENS ROBINSON,-9.31,4199.789999999999,COURSES,CARTE,petite,debit,2023,6,19,<bound method Timestamp.day_name of Timestamp('2023-06-19 00:00:00')>,1,False,3
2023-06-19,CARTE,-18.24,4190.48,AUTRE,CARTE,petite,debit,2023,6,19,<bound method Timestamp.day_name of Timestamp('2023-06-19 00:00:00')>,1,False,3
2023-06-20,CARTE   L'EPICERIE DEMBAS,-10.05,4172.24,AUTRE,CARTE,petite,debit,2023,6,20,<bound method Timestamp.day_name of Timestamp('2023-06-20 00:00:00')>,2,False,3
2023-06-20,CARTE   VELOC,-29.0,4162.189999999999,TRANSPORT,CARTE,petite,debit,2023,6,20,<bound method Timestamp.day_name of Timestamp('2023-06-20 00:00:00')>,2,False,3
2023-06-21,CARTE,-2.72,4133.189999999999,AUTRE,CARTE,petite,debit,2023,6,21,<bound method Timestamp.day_name of Timestamp('2023-06-21 00:00:00')>,3,False,3
2023-06-22,CARTE,-7.12,4130.469999999999,AUTRE,CARTE,petite,debit,2023,6,22,<bound method Timestamp.day_name of Timestamp('2023-06-22 00:00:00')>,4,False,3
2023-06-22,CARTE,-8.8,4123.349999999999,AUTRE,CARTE,petite,debit,2023,6,22,<bound method Timestamp.day_name of Timestamp('2023-06-22 00:00:00')>,4,False,3
2023-06-23,CARTE,-19.84,4114.549999999999,AUTRE,CARTE,petite,debit,2023,6,23,<bound method Timestamp.day_name of Timestamp('2023-06-23 00:00:00')>,5,False,3
2023-06-23,CARTE,-10.4,4094.709999999999,AUTRE,CARTE,petite,debit,2023,6,23,<bound method Timestamp.day_name of Timestamp('2023-06-23 00:00:00')>,5,False,3
2023-06-23,CARTE,-19.36,4084.309999999999,AUTRE,CARTE,petite,debit,2023,6,23,<bound method Timestamp.day_name of Timestamp('2023-06-23 00:00:00')>,5,False,3
2023-06-26,CARTE,-183.99,4064.949999999999,AUTRE,CARTE,moyenne,debit,2023,6,26,<bound method Timestamp.day_name of Timestamp('2023-06-26 00:00:00')>,1,False,4
2023-06-26,CARTE,-24.48,3880.959999999999,AUTRE,CARTE,petite,debit,2023,6,26,<bound method Timestamp.day_name of Timestamp('2023-06-26 00:00:00')>,1,False,4
2023-06-26,CARTE,-96.0,3856.479999999999,AUTRE,CARTE,moyenne,debit,2023,6,26,<bound method Timestamp.day_name of Timestamp('2023-06-26 00:00:00')>,1,False,4
2023-06-26,CARTE,-29.52,3760.479999999999,AUTRE,CARTE,petite,debit,2023,6,26,<bound method Timestamp.day_name of Timestamp('2023-06-26 00:00:00')>,1,False,4
2023-06-26,CARTE,-17.2,3730.959999999999,AUTRE,CARTE,petite,debit,2023,6,26,<bound method Timestamp.day_name of Timestamp('2023-06-26 00:00:00')>,1,False,4
2023-06-26,CARTE   LA LOUVE,-27.68,3713.7599999999993,COURSES,CARTE,petite,debit,2023,6,26,<bound method Timestamp.day_name of Timestamp('2023-06-26 00:00:00')>,1,False,4
2023-06-26,CARTE   TOUPTIPRI,-6.6,3686.0799999999995,COURSES,CARTE,petite,debit,2023,6,26,<bound method Timestamp.day_name of Timestamp('2023-06-26 00:00:00')>,1,False,4
2023-06-26,CARTE,-8.0,3679.4799999999996,AUTRE,CARTE,petite,debit,2023,6,26,<bound method Timestamp.day_name of Timestamp('2023-06-26 00:00:00')>,1,False,4
2023-06-27,RETRAIT,-40.0,3671.4799999999996,AUTRE,RETRAIT,petite,debit,2023,6,27,<bound method Timestamp.day_name of Timestamp('2023-06-27 00:00:00')>,2,False,4
2023-06-27,CARTE   L'EPICERIE DEMBAS,-10.95,3631.4799999999996,AUTRE,CARTE,petite,debit,2023,6,27,<bound method Timestamp.day_name of Timestamp('2023-06-27 00:00:00')>,2,False,4
2023-06-27,CARTE   L'EPICERIE DEMBAS,-11.44,3620.5299999999997,AUTRE,CARTE,petite,debit,2023,6,27,<bound method Timestamp.day_name of Timestamp('2023-06-27 00:00:00')>,2,False,4
2023-06-28,CARTE,-7.12,3609.0899999999997,AUTRE,CARTE,petite,debit,2023,6,28,<bound method Timestamp.day_name of Timestamp('2023-06-28 00:00:00')>,3,False,4
2023-06-28,CARTE   LES ANCIENS ROBINSON,-12.49,3601.97,COURSES,CARTE,petite,debit,2023,6,28,<bound method Timestamp.day_name of Timestamp('2023-06-28 00:00:00')>,3,False,4
2023-06-30,VIREMENT,-36.0,3589.48,AUTRE,VIREMENT,petite,debit,2023,6,30,<bound method Timestamp.day_name of Timestamp('2023-06-30 00:00:00')>,5,False,4
2023-06-30,DON,-1.76,3553.48,AUTRE,DON,petite,debit,2023,6,30,<bound method Timestamp.day_name of Timestamp('2023-06-30 00:00:00')>,5,False,4
2023-06-30,CARTE   LA CCNCF,-23.85,3551.72,TRANSPORT,CARTE,petite,debit,2023,6,30,<bound method Timestamp.day_name of Timestamp('2023-06-30 00:00:00')>,5,False,4
2023-07-03,CARTE,-19.93,3527.87,AUTRE,CARTE,petite,debit,2023,7,3,<bound method Timestamp.day_name of Timestamp('2023-07-03 00:00:00')>,1,False,1
2023-07-03,CARTE,-13.06,3507.94,AUTRE,CARTE,petite,debit,2023,7,3,<bound method Timestamp.day_name of Timestamp('2023-07-03 00:00:00')>,1,False,1
2023-07-03,CARTE,-14.39,3494.88,AUTRE,CARTE,petite,debit,2023,7,3,<bound method Timestamp.day_name of Timestamp('2023-07-03 00:00:00')>,1,False,1
2023-07-03,CARTE,-1.12,3480.49,AUTRE,CARTE,petite,debit,2023,7,3,<bound method Timestamp.day_name of Timestamp('2023-07-03 00:00:00')>,1,False,1
2023-07-03,CARTE,-48.0,3479.37,AUTRE,CARTE,petite,debit,2023,7,3,<bound method Timestamp.day_name of Timestamp('2023-07-03 00:00:00')>,1,False,1
2023-07-03,CARTE   RAPT,-73.0,3431.37,TRANSPORT,CARTE,petite,debit,2023,7,3,<bound method Timestamp.day_name of Timestamp('2023-07-03 00:00:00')>,1,False,1
2023-07-03,RETRAIT,-40.0,3358.37,AUTRE,RETRAIT,petite,debit,2023,7,3,<bound method Timestamp.day_name of Timestamp('2023-07-03 00:00:00')>,1,False,1
2023-07-03,CARTE   RAPT,-73.0,3318.37,TRANSPORT,CARTE,petite,debit,2023,7,3,<bound method Timestamp.day_name of Timestamp('2023-07-03 00:00:00')>,1,False,1
2023-07-03,CARTE,-602.27,3245.37,AUTRE,CARTE,grosse,debit,2023,7,3,<bound method Timestamp.day_name of Timestamp('2023-07-03 00:00:00')>,1,False,1
2023-07-03,CARTE,-8.8,2643.1,AUTRE,CARTE,petite,debit,2023,7,3,<bound method Timestamp.day_name of Timestamp('2023-07-03 00:00:00')>,1,False,1
2023-07-05,VIREMENT,676.0,2634.3,AUTRE,VIREMENT,(pas une dépense),credit,2023,7,5,<bound method Timestamp.day_name of Timestamp('2023-07-05 00:00:00')>,3,False,1
2023-07-06,FORFAIT COMPTE SUPERBANK,-1.92,3310.3,COTISATION BANCAIRE,AUTRE,petite,debit,2023,7,6,<bound method Timestamp.day_name of Timestamp('2023-07-06 00:00:00')>,4,False,1
2023-07-06,CARTE,-14.62,3308.38,AUTRE,CARTE,petite,debit,2023,7,6,<bound method Timestamp.day_name of Timestamp('2023-07-06 00:00:00')>,4,False,1
2023-07-06,PRELEVEMENT  TELEPHONE,-36.48,3293.76,FACTURE TELEPHONE,AUTRE,petite,debit,2023,7,6,<bound method Timestamp.day_name of Timestamp('2023-07-06 00:00:00')>,4,False,1
2023-07-07,CARTE,-29.2,3257.28,AUTRE,CARTE,petite,debit,2023,7,7,<bound method Timestamp.day_name of Timestamp('2023-07-07 00:00:00')>,5,False,1
2023-07-10,CARTE     LA CCNCF,-1.08,3228.08,TRANSPORT,CARTE,petite,debit,2023,7,10,<bound method Timestamp.day_name of Timestamp('2023-07-10 00:00:00')>,1,False,2
2023-07-10,CARTE,-9.52,3227.0,AUTRE,CARTE,petite,debit,2023,7,10,<bound method Timestamp.day_name of Timestamp('2023-07-10 00:00:00')>,1,False,2
2023-07-10,CARTE     LA CCNCF,-1.53,3217.48,TRANSPORT,CARTE,petite,debit,2023,7,10,<bound method Timestamp.day_name of Timestamp('2023-07-10 00:00:00')>,1,False,2
2023-07-10,CARTE   LA CCNCF,-53.1,3215.9500000000003,TRANSPORT,CARTE,petite,debit,2023,7,10,<bound method Timestamp.day_name of Timestamp('2023-07-10 00:00:00')>,1,False,2
2023-07-11,CARTE   CHEZ LUC,-14.4,3162.8500000000004,RESTAURANT,CARTE,petite,debit,2023,7,11,<bound method Timestamp.day_name of Timestamp('2023-07-11 00:00:00')>,2,False,2
2023-07-12,CARTE,-8.0,3148.4500000000003,AUTRE,CARTE,petite,debit,2023,7,12,<bound method Timestamp.day_name of Timestamp('2023-07-12 00:00:00')>,3,False,2
2023-07-13,CARTE   TOUPTIPRI,-9.88,3140.4500000000003,COURSES,CARTE,petite,debit,2023,7,13,<bound method Timestamp.day_name of Timestamp('2023-07-13 00:00:00')>,4,False,2
2023-07-15,VIREMENT PERMANENT LOYER,-345.0,3130.57,LOYER,VIREMENT,grosse,debit,2023,7,15,<bound method Timestamp.day_name of Timestamp('2023-07-15 00:00:00')>,6,False,2
2023-07-19,CARTE,-4.88,2785.57,AUTRE,CARTE,petite,debit,2023,7,19,<bound method Timestamp.day_name of Timestamp('2023-07-19 00:00:00')>,3,False,3
2023-07-19,CARTE,-12.48,2780.69,AUTRE,CARTE,petite,debit,2023,7,19,<bound method Timestamp.day_name of Timestamp('2023-07-19 00:00:00')>,3,False,3
2023-07-19,CARTE,-104.0,2768.21,AUTRE,CARTE,moyenne,debit,2023,7,19,<bound method Timestamp.day_name of Timestamp('2023-07-19 00:00:00')>,3,False,3
2023-07-20,CARTE   LA CCNCF,-190.8,2664.21,TRANSPORT,CARTE,moyenne,debit,2023,7,20,<bound method Timestamp.day_name of Timestamp('2023-07-20 00:00:00')>,4,False,3
2023-07-21,CARTE,-4.8,2473.41,AUTRE,CARTE,petite,debit,2023,7,21,<bound method Timestamp.day_name of Timestamp('2023-07-21 00:00:00')>,5,False,3
2023-07-21,CARTE   L'EPICERIE DEMBAS,-6.49,2468.61,AUTRE,CARTE,petite,debit,2023,7,21,<bound method Timestamp.day_name of Timestamp('2023-07-21 00:00:00')>,5,False,3
2023-07-21,CARTE,-13.6,2462.12,AUTRE,CARTE,petite,debit,2023,7,21,<bound method Timestamp.day_name of Timestamp('2023-07-21 00:00:00')>,5,False,3
2023-07-24,CARTE,-20.8,2448.52,AUTRE,CARTE,petite,debit,2023,7,24,<bound method Timestamp.day_name of Timestamp('2023-07-24 00:00:00')>,1,False,3
2023-07-24,CARTE   CHEZ LUC,-9.2,2427.7200000000003,RESTAURANT,CARTE,petite,debit,2023,7,24,<bound method Timestamp.day_name of Timestamp('2023-07-24 00:00:00')>,1,False,3
2023-07-24,CARTE,-4.88,2418.52,AUTRE,CARTE,petite,debit,2023,7,24,<bound method Timestamp.day_name of Timestamp('2023-07-24 00:00:00')>,1,False,3
2023-07-24,CARTE,-9.6,2413.64,AUTRE,CARTE,petite,debit,2023,7,24,<bound method Timestamp.day_name of Timestamp('2023-07-24 00:00:00')>,1,False,3
2023-07-24,RETRAIT,-32.0,2404.04,AUTRE,RETRAIT,petite,debit,2023,7,24,<bound method Timestamp.day_name of Timestamp('2023-07-24 00:00:00')>,1,False,3
2023-07-24,CARTE,-4.8,2372.04,AUTRE,CARTE,petite,debit,2023,7,24,<bound method Timestamp.day_name of Timestamp('2023-07-24 00:00:00')>,1,False,3
2023-07-25,VIREMENT,1071.6,2367.24,AUTRE,VIREMENT,(pas une dépense),credit,2023,7,25,<bound method Timestamp.day_name of Timestamp('2023-07-25 00:00:00')>,2,False,4
2023-07-25,CARTE   LES ANCIENS ROBINSON,-60.16,3438.84,COURSES,CARTE,petite,debit,2023,7,25,<bound method Timestamp.day_name of Timestamp('2023-07-25 00:00:00')>,2,False,4
2023-07-26,CARTE   L'EPICERIE DEMBAS,-7.54,3378.68,AUTRE,CARTE,petite,debit,2023,7,26,<bound method Timestamp.day_name of Timestamp('2023-07-26 00:00:00')>,3,False,4
2023-07-27,CARTE   L'EPICERIE DEMBAS,-8.14,3371.14,AUTRE,CARTE,petite,debit,2023,7,27,<bound method Timestamp.day_name of Timestamp('2023-07-27 00:00:00')>,4,False,4
2023-07-28,CARTE   L'EPICERIE DEMBAS,-11.2,3363.0,AUTRE,CARTE,petite,debit,2023,7,28,<bound method Timestamp.day_name of Timestamp('2023-07-28 00:00:00')>,5,False,4
2023-07-31,CARTE   LES ANCIENS ROBINSON,-0.94,3351.7999999999997,COURSES,CARTE,petite,debit,2023,7,31,<bound method Timestamp.day_name of Timestamp('2023-07-31 00:00:00')>,1,False,4
2023-07-31,CARTE,-8.0,3350.8599999999997,AUTRE,CARTE,petite,debit,2023,7,31,<bound method Timestamp.day_name of Timestamp('2023-07-31 00:00:00')>,1,False,4
2023-07-31,CARTE,-32.44,3342.8599999999997,AUTRE,CARTE,petite,debit,2023,7,31,<bound method Timestamp.day_name of Timestamp('2023-07-31 00:00:00')>,1,False,4
2023-07-31,DON,-1.44,3310.4199999999996,AUTRE,DON,petite,debit,2023,7,31,<bound method Timestamp.day_name of Timestamp('2023-07-31 00:00:00')>,1,False,4
2023-07-31,VIREMENT,-36.0,3308.9799999999996,AUTRE,VIREMENT,petite,debit,2023,7,31,<bound method Timestamp.day_name of Timestamp('2023-07-31 00:00:00')>,1,False,4
2023-07-31,CARTE,-9.78,3272.9799999999996,AUTRE,CARTE,petite,debit,2023,7,31,<bound method Timestamp.day_name of Timestamp('2023-07-31 00:00:00')>,1,False,4
2023-07-31,CARTE,-2.4,3263.2,AUTRE,CARTE,petite,debit,2023,7,31,<bound method Timestamp.day_name of Timestamp('2023-07-31 00:00:00')>,1,False,4
2023-07-31,CARTE,-2.4,3260.7999999999997,AUTRE,CARTE,petite,debit,2023,7,31,<bound method Timestamp.day_name of Timestamp('2023-07-31 00:00:00')>,1,False,4
2023-07-31,CARTE   LA LOUVE,-23.43,3258.3999999999996,COURSES,CARTE,petite,debit,2023,7,31,<bound method Timestamp.day_name of Timestamp('2023-07-31 00:00:00')>,1,False,4
2023-07-31,CARTE,-18.4,3234.9699999999993,AUTRE,CARTE,petite,debit,2023,7,31,<bound method Timestamp.day_name of Timestamp('2023-07-31 00:00:00')>,1,False,4
2023-08-01,CARTE   L'EPICERIE DEMBAS,-9.82,3216.5699999999993,AUTRE,CARTE,petite,debit,2023,8,1,<bound method Timestamp.day_name of Timestamp('2023-08-01 00:00:00')>,2,False,1
2023-08-02,CARTE   RAPT,-75.2,3206.7499999999995,TRANSPORT,CARTE,petite,debit,2023,8,2,<bound method Timestamp.day_name of Timestamp('2023-08-02 00:00:00')>,3,False,1
2023-08-03,CARTE   L'EPICERIE DEMBAS,-10.51,3131.5499999999993,AUTRE,CARTE,petite,debit,2023,8,3,<bound method Timestamp.day_name of Timestamp('2023-08-03 00:00:00')>,4,False,1
2023-08-03,CARTE,-14.39,3121.0399999999995,AUTRE,CARTE,petite,debit,2023,8,3,<bound method Timestamp.day_name of Timestamp('2023-08-03 00:00:00')>,4,False,1
2023-08-03,VIREMENT,676.0,3106.649999999999,AUTRE,VIREMENT,(pas une dépense),credit,2023,8,3,<bound method Timestamp.day_name of Timestamp('2023-08-03 00:00:00')>,4,False,1
2023-08-03,CARTE   CHEZ LUC,-10.2,3782.6499999999996,RESTAURANT,CARTE,petite,debit,2023,8,3,<bound method Timestamp.day_name of Timestamp('2023-08-03 00:00:00')>,4,False,1
2023-08-04,CARTE,-17.2,3772.45,AUTRE,CARTE,petite,debit,2023,8,4,<bound method Timestamp.day_name of Timestamp('2023-08-04 00:00:00')>,5,False,1
2023-08-06,FORFAIT COMPTE SUPERBANK,-1.92,3755.25,COTISATION BANCAIRE,AUTRE,petite,debit,2023,8,6,<bound method Timestamp.day_name of Timestamp('2023-08-06 00:00:00')>,7,False,1
2023-08-07,CARTE,-2.0,3753.33,AUTRE,CARTE,petite,debit,2023,8,7,<bound method Timestamp.day_name of Timestamp('2023-08-07 00:00:00')>,1,False,1
2023-08-07,CARTE   LES ANCIENS ROBINSON,-21.73,3751.33,COURSES,CARTE,petite,debit,2023,8,7,<bound method Timestamp.day_name of Timestamp('2023-08-07 00:00:00')>,1,False,1
2023-08-07,CARTE,-10.88,3729.6,AUTRE,CARTE,petite,debit,2023,8,7,<bound method Timestamp.day_name of Timestamp('2023-08-07 00:00:00')>,1,False,1
2023-08-07,CARTE,-1.6,3718.72,AUTRE,CARTE,petite,debit,2023,8,7,<bound method Timestamp.day_name of Timestamp('2023-08-07 00:00:00')>,1,False,1
2023-08-07,PRELEVEMENT  TELEPHONE,-7.46,3717.12,FACTURE TELEPHONE,AUTRE,petite,debit,2023,8,7,<bound method Timestamp.day_name of Timestamp('2023-08-07 00:00:00')>,1,False,1
2023-08-07,CARTE,-1.6,3709.66,AUTRE,CARTE,petite,debit,2023,8,7,<bound method Timestamp.day_name of Timestamp('2023-08-07 00:00:00')>,1,False,1
2023-08-08,CARTE   L'EPICERIE DEMBAS,-7.54,3708.06,AUTRE,CARTE,petite,debit,2023,8,8,<bound method Timestamp.day_name of Timestamp('2023-08-08 00:00:00')>,2,False,1
2023-08-08,CARTE,-0.96,3700.52,AUTRE,CARTE,petite,debit,2023,8,8,<bound method Timestamp.day_name of Timestamp('2023-08-08 00:00:00')>,2,False,1
2023-08-08,CARTE,-1.19,3699.56,AUTRE,CARTE,petite,debit,2023,8,8,<bound method Timestamp.day_name of Timestamp('2023-08-08 00:00:00')>,2,False,1
2023-08-08,CARTE,-0.96,3698.37,AUTRE,CARTE,petite,debit,2023,8,8,<bound method Timestamp.day_name of Timestamp('2023-08-08 00:00:00')>,2,False,1
2023-08-09,CARTE,-8.0,3697.41,AUTRE,CARTE,petite,debit,2023,8,9,<bound method Timestamp.day_name of Timestamp('2023-08-09 00:00:00')>,3,False,2
2023-08-10,CARTE,-3.28,3689.41,AUTRE,CARTE,petite,debit,2023,8,10,<bound method Timestamp.day_name of Timestamp('2023-08-10 00:00:00')>,4,False,2
2023-08-14,CARTE,-2.4,3686.1299999999997,AUTRE,CARTE,petite,debit,2023,8,14,<bound method Timestamp.day_name of Timestamp('2023-08-14 00:00:00')>,1,False,2
2023-08-14,CARTE,-3.2,3683.7299999999996,AUTRE,CARTE,petite,debit,2023,8,14,<bound method Timestamp.day_name of Timestamp('2023-08-14 00:00:00')>,1,False,2
2023-08-14,CARTE,-4.0,3680.5299999999997,AUTRE,CARTE,petite,debit,2023,8,14,<bound method Timestamp.day_name of Timestamp('2023-08-14 00:00:00')>,1,False,2
2023-08-14,CARTE   CHEZ LUC,-10.4,3676.5299999999997,RESTAURANT,CARTE,petite,debit,2023,8,14,<bound method Timestamp.day_name of Timestamp('2023-08-14 00:00:00')>,1,False,2
2023-08-14,CARTE,-17.44,3666.1299999999997,AUTRE,CARTE,petite,debit,2023,8,14,<bound method Timestamp.day_name of Timestamp('2023-08-14 00:00:00')>,1,False,2
2023-08-14,CARTE,-11.7,3648.6899999999996,AUTRE,CARTE,petite,debit,2023,8,14,<bound method Timestamp.day_name of Timestamp('2023-08-14 00:00:00')>,1,False,2
2023-08-15,VIREMENT PERMANENT LOYER,-345.0,3636.99,LOYER,VIREMENT,grosse,debit,2023,8,15,<bound method Timestamp.day_name of Timestamp('2023-08-15 00:00:00')>,2,False,2
2023-08-16,CARTE,-23.2,3291.99,AUTRE,CARTE,petite,debit,2023,8,16,<bound method Timestamp.day_name of Timestamp('2023-08-16 00:00:00')>,3,False,2
2023-08-16,CARTE,-3.92,3268.7899999999995,AUTRE,CARTE,petite,debit,2023,8,16,<bound method Timestamp.day_name of Timestamp('2023-08-16 00:00:00')>,3,False,2
2023-08-16,CARTE,-53.76,3264.8699999999994,AUTRE,CARTE,petite,debit,2023,8,16,<bound method Timestamp.day_name of Timestamp('2023-08-16 00:00:00')>,3,False,2
2023-08-17,CARTE,-2.0,3211.1099999999997,AUTRE,CARTE,petite,debit,2023,8,17,<bound method Timestamp.day_name of Timestamp('2023-08-17 00:00:00')>,4,False,3
2023-08-17,CARTE,-2.0,3209.1099999999997,AUTRE,CARTE,petite,debit,2023,8,17,<bound method Timestamp.day_name of Timestamp('2023-08-17 00:00:00')>,4,False,3
2023-08-17,CARTE,-0.8,3207.1099999999997,AUTRE,CARTE,petite,debit,2023,8,17,<bound method Timestamp.day_name of Timestamp('2023-08-17 00:00:00')>,4,False,3
2023-08-17,CARTE   LES ANCIENS ROBINSON,-28.11,3206.3099999999995,COURSES,CARTE,petite,debit,2023,8,17,<bound method Timestamp.day_name of Timestamp('2023-08-17 00:00:00')>,4,False,3
2023-08-18,CARTE,-2.4,3178.2,AUTRE,CARTE,petite,debit,2023,8,18,<bound method Timestamp.day_name of Timestamp('2023-08-18 00:00:00')>,5,False,3
2023-08-18,CARTE,-4.79,3175.7999999999997,AUTRE,CARTE,petite,debit,2023,8,18,<bound method Timestamp.day_name of Timestamp('2023-08-18 00:00:00')>,5,False,3
2023-08-21,CARTE,-1.68,3171.0099999999998,AUTRE,CARTE,petite,debit,2023,8,21,<bound method Timestamp.day_name of Timestamp('2023-08-21 00:00:00')>,1,False,3
2023-08-21,CARTE   CHEZ LUC,-12.84,3169.3299999999995,RESTAURANT,CARTE,petite,debit,2023,8,21,<bound method Timestamp.day_name of Timestamp('2023-08-21 00:00:00')>,1,False,3
2023-08-21,CARTE,-7.12,3156.49,AUTRE,CARTE,petite,debit,2023,8,21,<bound method Timestamp.day_name of Timestamp('2023-08-21 00:00:00')>,1,False,3
2023-08-21,CARTE,-10.23,3149.37,AUTRE,CARTE,petite,debit,2023,8,21,<bound method Timestamp.day_name of Timestamp('2023-08-21 00:00:00')>,1,False,3
2023-08-22,CARTE,-3.78,3139.14,AUTRE,CARTE,petite,debit,2023,8,22,<bound method Timestamp.day_name of Timestamp('2023-08-22 00:00:00')>,2,False,3
2023-08-22,CARTE,-0.8,3135.3599999999997,AUTRE,CARTE,petite,debit,2023,8,22,<bound method Timestamp.day_name of Timestamp('2023-08-22 00:00:00')>,2,False,3
2023-08-22,CARTE   LES ANCIENS ROBINSON,-10.91,3134.56,COURSES,CARTE,petite,debit,2023,8,22,<bound method Timestamp.day_name of Timestamp('2023-08-22 00:00:00')>,2,False,3
2023-08-24,CARTE   L'EPICERIE DEMBAS,-11.97,3123.6499999999996,AUTRE,CARTE,petite,debit,2023,8,24,<bound method Timestamp.day_name of Timestamp('2023-08-24 00:00:00')>,4,False,3
2023-08-25,CARTE   VELOC,-5.0,3111.68,TRANSPORT,CARTE,petite,debit,2023,8,25,<bound method Timestamp.day_name of Timestamp('2023-08-25 00:00:00')>,5,False,4
2023-08-25,CARTE,-2.01,3106.68,AUTRE,CARTE,petite,debit,2023,8,25,<bound method Timestamp.day_name of Timestamp('2023-08-25 00:00:00')>,5,False,4
2023-08-25,CARTE,-6.4,3104.6699999999996,AUTRE,CARTE,petite,debit,2023,8,25,<bound method Timestamp.day_name of Timestamp('2023-08-25 00:00:00')>,5,False,4
2023-08-28,CARTE,-9.8,3098.2699999999995,AUTRE,CARTE,petite,debit,2023,8,28,<bound method Timestamp.day_name of Timestamp('2023-08-28 00:00:00')>,1,False,4
2023-08-28,CARTE   LA LOUVE,-29.18,3088.47,COURSES,CARTE,petite,debit,2023,8,28,<bound method Timestamp.day_name of Timestamp('2023-08-28 00:00:00')>,1,False,4
2023-08-28,RETRAIT,-32.0,3059.2899999999995,AUTRE,RETRAIT,petite,debit,2023,8,28,<bound method Timestamp.day_name of Timestamp('2023-08-28 00:00:00')>,1,False,4
2023-08-28,CARTE,-43.6,3027.2899999999995,AUTRE,CARTE,petite,debit,2023,8,28,<bound method Timestamp.day_name of Timestamp('2023-08-28 00:00:00')>,1,False,4
2023-08-28,CARTE,-12.0,2983.6899999999996,AUTRE,CARTE,petite,debit,2023,8,28,<bound method Timestamp.day_name of Timestamp('2023-08-28 00:00:00')>,1,False,4
2023-08-29,CARTE,-2.45,2971.6899999999996,AUTRE,CARTE,petite,debit,2023,8,29,<bound method Timestamp.day_name of Timestamp('2023-08-29 00:00:00')>,2,False,4
2023-08-31,CARTE,-2.44,2969.24,AUTRE,CARTE,petite,debit,2023,8,31,<bound method Timestamp.day_name of Timestamp('2023-08-31 00:00:00')>,4,False,4
2023-08-31,DON,-2.28,2966.7999999999997,AUTRE,DON,petite,debit,2023,8,31,<bound method Timestamp.day_name of Timestamp('2023-08-31 00:00:00')>,4,False,4
2023-08-31,CARTE   LA LOUVE,-26.19,2964.5199999999995,COURSES,CARTE,petite,debit,2023,8,31,<bound method Timestamp.day_name of Timestamp('2023-08-31 00:00:00')>,4,False,4
2023-08-31,VIREMENT,-36.0,2938.3299999999995,AUTRE,VIREMENT,petite,debit,2023,8,31,<bound method Timestamp.day_name of Timestamp('2023-08-31 00:00:00')>,4,False,4
2023-09-04,CARTE,-3.6,2902.3299999999995,AUTRE,CARTE,petite,debit,2023,9,4,<bound method Timestamp.day_name of Timestamp('2023-09-04 00:00:00')>,1,False,1
2023-09-04,CARTE,-14.39,2898.7299999999996,AUTRE,CARTE,petite,debit,2023,9,4,<bound method Timestamp.day_name of Timestamp('2023-09-04 00:00:00')>,1,False,1
2023-09-04,CARTE   CHEZ LUC,-10.4,2884.3399999999997,RESTAURANT,CARTE,petite,debit,2023,9,4,<bound method Timestamp.day_name of Timestamp('2023-09-04 00:00:00')>,1,False,1
2023-09-04,CARTE   RAPT,-75.2,2873.9399999999996,TRANSPORT,CARTE,petite,debit,2023,9,4,<bound method Timestamp.day_name of Timestamp('2023-09-04 00:00:00')>,1,False,1
2023-09-04,VIREMENT,676.0,2798.7399999999993,AUTRE,VIREMENT,(pas une dépense),credit,2023,9,4,<bound method Timestamp.day_name of Timestamp('2023-09-04 00:00:00')>,1,False,1
2023-09-04,CARTE   TOUPTIPRI,-13.59,3474.7399999999993,COURSES,CARTE,petite,debit,2023,9,4,<bound method Timestamp.day_name of Timestamp('2023-09-04 00:00:00')>,1,False,1
2023-09-05,CARTE,-0.8,3461.1499999999996,AUTRE,CARTE,petite,debit,2023,9,5,<bound method Timestamp.day_name of Timestamp('2023-09-05 00:00:00')>,2,False,1
2023-09-05,CARTE,-6.39,3460.3499999999995,AUTRE,CARTE,petite,debit,2023,9,5,<bound method Timestamp.day_name of Timestamp('2023-09-05 00:00:00')>,2,False,1
2023-09-05,PRELEVEMENT  TELEPHONE,-6.38,3453.9599999999996,FACTURE TELEPHONE,AUTRE,petite,debit,2023,9,5,<bound method Timestamp.day_name of Timestamp('2023-09-05 00:00:00')>,2,False,1
2023-09-06,CARTE   L'EPICERIE DEMBAS,-11.12,3447.5799999999995,AUTRE,CARTE,petite,debit,2023,9,6,<bound method Timestamp.day_name of Timestamp('2023-09-06 00:00:00')>,3,False,1
2023-09-06,FORFAIT COMPTE SUPERBANK,-1.92,3436.4599999999996,COTISATION BANCAIRE,AUTRE,petite,debit,2023,9,6,<bound method Timestamp.day_name of Timestamp('2023-09-06 00:00:00')>,3,False,1
2023-09-07,CARTE,-11.2,3434.5399999999995,AUTRE,CARTE,petite,debit,2023,9,7,<bound method Timestamp.day_name of Timestamp('2023-09-07 00:00:00')>,4,False,1
2023-09-08,CARTE,-0.8,3423.3399999999992,AUTRE,CARTE,petite,debit,2023,9,8,<bound method Timestamp.day_name of Timestamp('2023-09-08 00:00:00')>,5,False,1
2023-09-08,CARTE   L'EPICERIE DEMBAS,-5.57,3422.5399999999995,AUTRE,CARTE,petite,debit,2023,9,8,<bound method Timestamp.day_name of Timestamp('2023-09-08 00:00:00')>,5,False,1
2023-09-08,CARTE,-4.0,3416.9699999999993,AUTRE,CARTE,petite,debit,2023,9,8,<bound method Timestamp.day_name of Timestamp('2023-09-08 00:00:00')>,5,False,1
2023-09-11,CARTE,-9.6,3412.9699999999993,AUTRE,CARTE,petite,debit,2023,9,11,<bound method Timestamp.day_name of Timestamp('2023-09-11 00:00:00')>,1,False,2
2023-09-11,CARTE,-1.44,3403.3699999999994,AUTRE,CARTE,petite,debit,2023,9,11,<bound method Timestamp.day_name of Timestamp('2023-09-11 00:00:00')>,1,False,2
2023-09-11,CARTE,-1.44,3401.9299999999994,AUTRE,CARTE,petite,debit,2023,9,11,<bound method Timestamp.day_name of Timestamp('2023-09-11 00:00:00')>,1,False,2
2023-09-11,CARTE   TOUPTIPRI,-9.6,3400.4899999999993,COURSES,CARTE,petite,debit,2023,9,11,<bound method Timestamp.day_name of Timestamp('2023-09-11 00:00:00')>,1,False,2
2023-09-11,CARTE,-12.0,3390.8899999999994,AUTRE,CARTE,petite,debit,2023,9,11,<bound method Timestamp.day_name of Timestamp('2023-09-11 00:00:00')>,1,False,2
2023-09-12,CARTE   L'EPICERIE DEMBAS,-19.61,3378.8899999999994,AUTRE,CARTE,petite,debit,2023,9,12,<bound method Timestamp.day_name of Timestamp('2023-09-12 00:00:00')>,2,False,2
2023-09-12,CARTE,-4.0,3359.2799999999997,AUTRE,CARTE,petite,debit,2023,9,12,<bound method Timestamp.day_name of Timestamp('2023-09-12 00:00:00')>,2,False,2
2023-09-12,CARTE   LA CCNCF,-11.25,3355.2799999999997,TRANSPORT,CARTE,petite,debit,2023,9,12,<bound method Timestamp.day_name of Timestamp('2023-09-12 00:00:00')>,2,False,2
2023-09-14,CARTE   LA CCNCF,-47.61,3344.0299999999997,TRANSPORT,CARTE,petite,debit,2023,9,14,<bound method Timestamp.day_name of Timestamp('2023-09-14 00:00:00')>,4,False,2
2023-09-15,VIREMENT,39.82,3296.4199999999996,AUTRE,VIREMENT,(pas une dépense),credit,2023,9,15,<bound method Timestamp.day_name of Timestamp('2023-09-15 00:00:00')>,5,False,2
2023-09-15,VIREMENT PERMANENT LOYER,-345.0,3336.24,LOYER,VIREMENT,grosse,debit,2023,9,15,<bound method Timestamp.day_name of Timestamp('2023-09-15 00:00:00')>,5,False,2
2023-09-18,CARTE,-1.6,2991.24,AUTRE,CARTE,petite,debit,2023,9,18,<bound method Timestamp.day_name of Timestamp('2023-09-18 00:00:00')>,1,False,3
2023-09-18,CARTE   LA LOUVE,-20.59,2989.64,COURSES,CARTE,petite,debit,2023,9,18,<bound method Timestamp.day_name of Timestamp('2023-09-18 00:00:00')>,1,False,3
2023-09-18,CARTE,-5.2,2969.0499999999997,AUTRE,CARTE,petite,debit,2023,9,18,<bound method Timestamp.day_name of Timestamp('2023-09-18 00:00:00')>,1,False,3
2023-09-18,CARTE,-0.96,2963.85,AUTRE,CARTE,petite,debit,2023,9,18,<bound method Timestamp.day_name of Timestamp('2023-09-18 00:00:00')>,1,False,3
2023-09-20,CARTE,-2.56,2962.89,AUTRE,CARTE,petite,debit,2023,9,20,<bound method Timestamp.day_name of Timestamp('2023-09-20 00:00:00')>,3,False,3
2023-09-20,CARTE,-8.6,2960.33,AUTRE,CARTE,petite,debit,2023,9,20,<bound method Timestamp.day_name of Timestamp('2023-09-20 00:00:00')>,3,False,3
2023-09-20,CARTE,-30.37,2951.73,AUTRE,CARTE,petite,debit,2023,9,20,<bound method Timestamp.day_name of Timestamp('2023-09-20 00:00:00')>,3,False,3
2023-09-20,CARTE   TOUPTIPRI,-2.56,2921.36,COURSES,CARTE,petite,debit,2023,9,20,<bound method Timestamp.day_name of Timestamp('2023-09-20 00:00:00')>,3,False,3
2023-09-21,CARTE,-10.45,2918.8,AUTRE,CARTE,petite,debit,2023,9,21,<bound method Timestamp.day_name of Timestamp('2023-09-21 00:00:00')>,4,False,3
2023-09-22,CARTE,-5.6,2908.35,AUTRE,CARTE,petite,debit,2023,9,22,<bound method Timestamp.day_name of Timestamp('2023-09-22 00:00:00')>,5,False,3
2023-09-22,CARTE,-4.0,2902.75,AUTRE,CARTE,petite,debit,2023,9,22,<bound method Timestamp.day_name of Timestamp('2023-09-22 00:00:00')>,5,False,3
2023-09-25,CARTE   CHEZ LUC,-8.52,2898.75,RESTAURANT,CARTE,petite,debit,2023,9,25,<bound method Timestamp.day_name of Timestamp('2023-09-25 00:00:00')>,1,False,4
2023-09-25,PRELEVEMENT,-593.6,2890.23,AUTRE,AUTRE,grosse,debit,2023,9,25,<bound method Timestamp.day_name of Timestamp('2023-09-25 00:00:00')>,1,False,4
2023-09-25,CARTE,-7.12,2296.63,AUTRE,CARTE,petite,debit,2023,9,25,<bound method Timestamp.day_name of Timestamp('2023-09-25 00:00:00')>,1,False,4
2023-09-25,CARTE,-40.0,2289.51,AUTRE,CARTE,petite,debit,2023,9,25,<bound method Timestamp.day_name of Timestamp('2023-09-25 00:00:00')>,1,False,4
2023-09-25,CARTE,-9.31,2249.51,AUTRE,CARTE,petite,debit,2023,9,25,<bound method Timestamp.day_name of Timestamp('2023-09-25 00:00:00')>,1,False,4
2023-09-25,CARTE,-12.0,2240.2000000000003,AUTRE,CARTE,petite,debit,2023,9,25,<bound method Timestamp.day_name of Timestamp('2023-09-25 00:00:00')>,1,False,4
2023-09-25,CARTE,-23.33,2228.2000000000003,AUTRE,CARTE,petite,debit,2023,9,25,<bound method Timestamp.day_name of Timestamp('2023-09-25 00:00:00')>,1,False,4
2023-09-26,CARTE,-1.2,2204.87,AUTRE,CARTE,petite,debit,2023,9,26,<bound method Timestamp.day_name of Timestamp('2023-09-26 00:00:00')>,2,False,4
2023-09-26,RETRAIT,-320.0,2203.67,AUTRE,RETRAIT,grosse,debit,2023,9,26,<bound method Timestamp.day_name of Timestamp('2023-09-26 00:00:00')>,2,False,4
2023-09-26,CARTE   TOUPTIPRI,-10.36,1883.67,COURSES,CARTE,petite,debit,2023,9,26,<bound method Timestamp.day_name of Timestamp('2023-09-26 00:00:00')>,2,False,4
2023-09-26,CARTE   TOUPTIPRI,-2.93,1873.31,COURSES,CARTE,petite,debit,2023,9,26,<bound method Timestamp.day_name of Timestamp('2023-09-26 00:00:00')>,2,False,4
2023-09-29,DON,-1.76,1870.38,AUTRE,DON,petite,debit,2023,9,29,<bound method Timestamp.day_name of Timestamp('2023-09-29 00:00:00')>,5,False,4
2023-09-30,VIREMENT,-36.0,1868.6200000000001,AUTRE,VIREMENT,petite,debit,2023,9,30,<bound method Timestamp.day_name of Timestamp('2023-09-30 00:00:00')>,6,False,4
2023-10-02,VIREMENT,676.0,1832.6200000000001,AUTRE,VIREMENT,(pas une dépense),credit,2023,10,2,<bound method Timestamp.day_name of Timestamp('2023-10-02 00:00:00')>,1,False,1
2023-10-03,CARTE   LA CCNCF,-67.68,2508.62,TRANSPORT,CARTE,petite,debit,2023,10,3,<bound method Timestamp.day_name of Timestamp('2023-10-03 00:00:00')>,2,False,1
2023-10-05,CARTE,-4.8,2440.94,AUTRE,CARTE,petite,debit,2023,10,5,<bound method Timestamp.day_name of Timestamp('2023-10-05 00:00:00')>,4,False,1
2023-10-05,CARTE,-10.64,2436.14,AUTRE,CARTE,petite,debit,2023,10,5,<bound method Timestamp.day_name of Timestamp('2023-10-05 00:00:00')>,4,False,1
2023-10-06,PRELEVEMENT  TELEPHONE,-13.58,2425.5,FACTURE TELEPHONE,AUTRE,petite,debit,2023,10,6,<bound method Timestamp.day_name of Timestamp('2023-10-06 00:00:00')>,5,False,1
2023-10-06,CARTE   CHEZ LUC,-10.0,2411.92,RESTAURANT,CARTE,petite,debit,2023,10,6,<bound method Timestamp.day_name of Timestamp('2023-10-06 00:00:00')>,5,False,1
2023-10-06,FORFAIT COMPTE SUPERBANK,-1.92,2401.92,COTISATION BANCAIRE,AUTRE,petite,debit,2023,10,6,<bound method Timestamp.day_name of Timestamp('2023-10-06 00:00:00')>,5,False,1
